design_set,target,pred_file,native_file,rank,score_from_filename,native_seq_len,pred_seq_len,alignment_ca_count,chromo_labels,chromo_positions,shell5_count,shell5_positions,shell8_count,shell8_positions,rmsd_shell5_ca,rmsd_shell5_ca_count,rmsd_shell8_ca,rmsd_shell8_ca_count,chromo_clash_count_2A,min_chromo_protein_dist,native_chromo_contact_count,pred_chromo_contact_count,chromo_contact_precision,chromo_contact_recall,chromo_contact_F1,shell5_mutation_count,shell5_mutation_total,shell5_mutation_rate
4EUL,4EUL,results\example_models\4EUL_rank01_score0.5902_model.pdb,data\raw\4EUL.pdb,1,0.5902,229,229,226,A:CRO66,63 64 65,25,40 42 44 58 59 60 61 62 66 67 90 92 94 110 119 143 144 146 148 163 165 201 203 218 220,58,12 14 16 40 41 42 43 44 58 59 60 61 62 66 67 68 69 70 82 86 90 92 94 108 109 110 111 117 118 119 120 121 143 144 145 146 147 148 161 163 164 165 166 179 181 183 199 200 201 202 203 205 216 218 219 220 221 222,0.277138995301468,25,0.2779899236915775,58,4,0.9284947976952133,21,20,0.95,0.9047619047619048,0.9268292682926829,0,25,0.0
4EUL,4EUL,results\example_models\4EUL_rank02_score0.5915_model.pdb,data\raw\4EUL.pdb,2,0.5915,229,229,226,A:CRO66,63 64 65,25,40 42 44 58 59 60 61 62 66 67 90 92 94 110 119 143 144 146 148 163 165 201 203 218 220,58,12 14 16 40 41 42 43 44 58 59 60 61 62 66 67 68 69 70 82 86 90 92 94 108 109 110 111 117 118 119 120 121 143 144 145 146 147 148 161 163 164 165 166 179 181 183 199 200 201 202 203 205 216 218 219 220 221 222,0.29806371572148826,25,0.2644528538065729,58,4,0.8458603365397709,21,19,0.9473684210526315,0.8571428571428571,0.9,0,25,0.0
4EUL,4EUL,results\example_models\4EUL_rank03_score0.6000_model.pdb,data\raw\4EUL.pdb,3,0.6,229,229,226,A:CRO66,63 64 65,25,40 42 44 58 59 60 61 62 66 67 90 92 94 110 119 143 144 146 148 163 165 201 203 218 220,58,12 14 16 40 41 42 43 44 58 59 60 61 62 66 67 68 69 70 82 86 90 92 94 108 109 110 111 117 118 119 120 121 143 144 145 146 147 148 161 163 164 165 166 179 181 183 199 200 201 202 203 205 216 218 219 220 221 222,0.3113912594543938,25,0.2767909664532407,58,3,0.7951537911352302,21,18,0.9444444444444444,0.8095238095238095,0.8717948717948718,0,25,0.0
4EUL,4EUL,results\example_models\4EUL_rank04_score0.6005_model.pdb,data\raw\4EUL.pdb,4,0.6005,229,229,226,A:CRO66,63 64 65,25,40 42 44 58 59 60 61 62 66 67 90 92 94 110 119 143 144 146 148 163 165 201 203 218 220,58,12 14 16 40 41 42 43 44 58 59 60 61 62 66 67 68 69 70 82 86 90 92 94 108 109 110 111 117 118 119 120 121 143 144 145 146 147 148 161 163 164 165 166 179 181 183 199 200 201 202 203 205 216 218 219 220 221 222,0.32448387418072194,25,0.2868003095365543,58,4,0.8495591214021652,21,20,0.9,0.8571428571428571,0.8780487804878048,0,25,0.0
4EUL,4EUL,results\example_models\4EUL_rank05_score0.6056_model.pdb,data\raw\4EUL.pdb,5,0.6056,229,229,226,A:CRO66,63 64 65,25,40 42 44 58 59 60 61 62 66 67 90 92 94 110 119 143 144 146 148 163 165 201 203 218 220,58,12 14 16 40 41 42 43 44 58 59 60 61 62 66 67 68 69 70 82 86 90 92 94 108 109 110 111 117 118 119 120 121 143 144 145 146 147 148 161 163 164 165 166 179 181 183 199 200 201 202 203 205 216 218 219 220 221 222,0.3186104964570334,25,0.28383072702870943,58,4,0.8428190475833423,21,17,0.9411764705882353,0.7619047619047619,0.8421052631578947,0,25,0.0
4EUL,4EUL,results\example_models\4EUL_rank06_score0.6123_model.pdb,data\raw\4EUL.pdb,6,0.6123,229,229,226,A:CRO66,63 64 65,25,40 42 44 58 59 60 61 62 66 67 90 92 94 110 119 143 144 146 148 163 165 201 203 218 220,58,12 14 16 40 41 42 43 44 58 59 60 61 62 66 67 68 69 70 82 86 90 92 94 108 109 110 111 117 118 119 120 121 143 144 145 146 147 148 161 163 164 165 166 179 181 183 199 200 201 202 203 205 216 218 219 220 221 222,0.2573426532088131,25,0.244188086991768,58,5,0.8225834511381348,21,20,0.9,0.8571428571428571,0.8780487804878048,0,25,0.0
4EUL,4EUL,results\example_models\4EUL_rank07_score0.6176_model.pdb,data\raw\4EUL.pdb,7,0.6176,229,229,226,A:CRO66,63 64 65,25,40 42 44 58 59 60 61 62 66 67 90 92 94 110 119 143 144 146 148 163 165 201 203 218 220,58,12 14 16 40 41 42 43 44 58 59 60 61 62 66 67 68 69 70 82 86 90 92 94 108 109 110 111 117 118 119 120 121 143 144 145 146 147 148 161 163 164 165 166 179 181 183 199 200 201 202 203 205 216 218 219 220 221 222,0.30560379709644575,25,0.26582932694221695,58,3,0.7798111450709715,21,20,0.9,0.8571428571428571,0.8780487804878048,0,25,0.0
4EUL,4EUL,results\example_models\4EUL_rank08_score0.6208_model.pdb,data\raw\4EUL.pdb,8,0.6208,229,229,226,A:CRO66,63 64 65,25,40 42 44 58 59 60 61 62 66 67 90 92 94 110 119 143 144 146 148 163 165 201 203 218 220,58,12 14 16 40 41 42 43 44 58 59 60 61 62 66 67 68 69 70 82 86 90 92 94 108 109 110 111 117 118 119 120 121 143 144 145 146 147 148 161 163 164 165 166 179 181 183 199 200 201 202 203 205 216 218 219 220 221 222,0.2967849618358877,25,0.2773135476794583,58,4,0.7887654987843228,21,18,0.9444444444444444,0.8095238095238095,0.8717948717948718,0,25,0.0
4EUL,4EUL,results\example_models\4EUL_rank09_score0.6225_model.pdb,data\raw\4EUL.pdb,9,0.6225,229,229,226,A:CRO66,63 64 65,25,40 42 44 58 59 60 61 62 66 67 90 92 94 110 119 143 144 146 148 163 165 201 203 218 220,58,12 14 16 40 41 42 43 44 58 59 60 61 62 66 67 68 69 70 82 86 90 92 94 108 109 110 111 117 118 119 120 121 143 144 145 146 147 148 161 163 164 165 166 179 181 183 199 200 201 202 203 205 216 218 219 220 221 222,0.30456443285954127,25,0.27167168827680915,58,4,0.8780692810043691,21,19,0.8947368421052632,0.8095238095238095,0.8500000000000001,0,25,0.0
4EUL,4EUL,results\example_models\4EUL_rank10_score0.6226_model.pdb,data\raw\4EUL.pdb,10,0.6226,229,229,226,A:CRO66,63 64 65,25,40 42 44 58 59 60 61 62 66 67 90 92 94 110 119 143 144 146 148 163 165 201 203 218 220,58,12 14 16 40 41 42 43 44 58 59 60 61 62 66 67 68 69 70 82 86 90 92 94 108 109 110 111 117 118 119 120 121 143 144 145 146 147 148 161 163 164 165 166 179 181 183 199 200 201 202 203 205 216 218 219 220 221 222,0.32602095552757004,25,0.304329044426656,58,4,0.8420377479543424,21,19,0.9473684210526315,0.8571428571428571,0.9,0,25,0.0
